"location","week_ending","week_start","N"
"Washington",2020-03-07,2020-03-01,116.857142857143
"Washington",2020-03-14,2020-03-08,476.714285714286
"Washington",2020-03-21,2020-03-15,1067.57142857143
"Washington",2020-03-28,2020-03-22,2502.42857142857
"Washington",2020-04-04,2020-03-29,3207.14285714286
"Washington",2020-04-11,2020-04-05,2685.71428571429
"Washington",2020-04-18,2020-04-12,1621.42857142857
"Washington",2020-04-25,2020-04-19,1767.42857142857
"Washington",2020-05-02,2020-04-26,1975.57142857143
"Washington",2020-05-09,2020-05-03,2208
"Washington",2020-05-16,2020-05-10,1653.85714285714
"Illinois",2020-03-07,2020-03-01,5.42857142857143
"Illinois",2020-03-14,2020-03-08,66.8571428571428
"Illinois",2020-03-21,2020-03-15,768.714285714286
"Illinois",2020-03-28,2020-03-22,2965.42857142857
"Illinois",2020-04-04,2020-03-29,6336.57142857143
"Illinois",2020-04-11,2020-04-05,9095.71428571429
"Illinois",2020-04-18,2020-04-12,9613.57142857143
"Illinois",2020-04-25,2020-04-19,12768.5714285714
"Illinois",2020-05-02,2020-04-26,16813.5714285714
"Illinois",2020-05-09,2020-05-03,17079.1428571429
"Illinois",2020-05-16,2020-05-10,16710.4285714286
"California",2020-03-07,2020-03-01,77.5714285714286
"California",2020-03-14,2020-03-08,312.428571428571
"California",2020-03-21,2020-03-15,1224.14285714286
"California",2020-03-28,2020-03-22,4075.28571428571
"California",2020-04-04,2020-03-29,8066.57142857143
"California",2020-04-11,2020-04-05,8560.14285714286
"California",2020-04-18,2020-04-12,8612.85714285714
"California",2020-04-25,2020-04-19,11401.1428571429
"California",2020-05-02,2020-04-26,11309.1428571429
"California",2020-05-09,2020-05-03,12532.1428571429
"California",2020-05-16,2020-05-10,12425.7142857143
"Arizona",2020-03-07,2020-03-01,3
"Arizona",2020-03-14,2020-03-08,8.71428571428571
"Arizona",2020-03-21,2020-03-15,124.571428571429
"Arizona",2020-03-28,2020-03-22,683.285714285714
"Arizona",2020-04-04,2020-03-29,1195.42857142857
"Arizona",2020-04-11,2020-04-05,1311.85714285714
"Arizona",2020-04-18,2020-04-12,1338.57142857143
"Arizona",2020-04-25,2020-04-19,1582.42857142857
"Arizona",2020-05-02,2020-04-26,2042.42857142857
"Arizona",2020-05-09,2020-05-03,2476.14285714286
"Arizona",2020-05-16,2020-05-10,2707.14285714286
"Massachusetts",2020-03-07,2020-03-01,25.4285714285714
"Massachusetts",2020-03-14,2020-03-08,122.285714285714
"Massachusetts",2020-03-21,2020-03-15,437.285714285714
"Massachusetts",2020-03-28,2020-03-22,3567.85714285714
"Massachusetts",2020-04-04,2020-03-29,7328.85714285714
"Massachusetts",2020-04-11,2020-04-05,11384.1428571429
"Massachusetts",2020-04-18,2020-04-12,13103.1428571429
"Massachusetts",2020-04-25,2020-04-19,15884.8571428571
"Massachusetts",2020-05-02,2020-04-26,13929
"Massachusetts",2020-05-09,2020-05-03,10417.1428571429
"Massachusetts",2020-05-16,2020-05-10,8373
"Wisconsin",2020-03-07,2020-03-01,0.428571428571428
"Wisconsin",2020-03-14,2020-03-08,28.8571428571429
"Wisconsin",2020-03-21,2020-03-15,261
"Wisconsin",2020-03-28,2020-03-22,721.428571428571
"Wisconsin",2020-04-04,2020-03-29,1072.28571428571
"Wisconsin",2020-04-11,2020-04-05,1093
"Wisconsin",2020-04-18,2020-04-12,1027.85714285714
"Wisconsin",2020-04-25,2020-04-19,1475.85714285714
"Wisconsin",2020-05-02,2020-04-26,2027.57142857143
"Wisconsin",2020-05-09,2020-05-03,2292.28571428571
"Wisconsin",2020-05-16,2020-05-10,2280.42857142857
"Texas",2020-03-07,2020-03-01,9.85714285714286
"Texas",2020-03-14,2020-03-08,47.1428571428571
"Texas",2020-03-21,2020-03-15,442.428571428571
"Texas",2020-03-28,2020-03-22,1832.85714285714
"Texas",2020-04-04,2020-03-29,4218.14285714286
"Texas",2020-04-11,2020-04-05,6343.71428571429
"Texas",2020-04-18,2020-04-12,5740.42857142857
"Texas",2020-04-25,2020-04-19,5734.57142857143
"Texas",2020-05-02,2020-04-26,6820.85714285714
"Texas",2020-05-09,2020-05-03,7697.57142857143
"Texas",2020-05-16,2020-05-10,8750.28571428571
"Nebraska",2020-03-07,2020-03-01,1.71428571428571
"Nebraska",2020-03-14,2020-03-08,14.2857142857143
"Nebraska",2020-03-21,2020-03-15,30.4285714285714
"Nebraska",2020-03-28,2020-03-22,72.1428571428571
"Nebraska",2020-04-04,2020-03-29,220.428571428571
"Nebraska",2020-04-11,2020-04-05,381.285714285714
"Nebraska",2020-04-18,2020-04-12,623.428571428571
"Nebraska",2020-04-25,2020-04-19,1445.28571428571
"Nebraska",2020-05-02,2020-04-26,2430.71428571429
"Nebraska",2020-05-09,2020-05-03,2718.57142857143
"Nebraska",2020-05-16,2020-05-10,2089.85714285714
"Utah",2020-03-07,2020-03-01,1.57142857142857
"Utah",2020-03-14,2020-03-08,20.2857142857143
"Utah",2020-03-21,2020-03-15,139
"Utah",2020-03-28,2020-03-22,445
"Utah",2020-04-04,2020-03-29,790.285714285714
"Utah",2020-04-11,2020-04-05,780.571428571429
"Utah",2020-04-18,2020-04-12,761.714285714286
"Utah",2020-04-25,2020-04-19,990
"Utah",2020-05-02,2020-04-26,1060.71428571429
"Utah",2020-05-09,2020-05-03,1069.85714285714
"Utah",2020-05-16,2020-05-10,1016.28571428571
"Oregon",2020-03-07,2020-03-01,6.28571428571428
"Oregon",2020-03-14,2020-03-08,30.7142857142857
"Oregon",2020-03-21,2020-03-15,100.857142857143
"Oregon",2020-03-28,2020-03-22,335.714285714286
"Oregon",2020-04-04,2020-03-29,503
"Oregon",2020-04-11,2020-04-05,468.285714285714
"Oregon",2020-04-18,2020-04-12,396.285714285714
"Oregon",2020-04-25,2020-04-19,395.714285714286
"Oregon",2020-05-02,2020-04-26,397.428571428572
"Oregon",2020-05-09,2020-05-03,508.285714285714
"Oregon",2020-05-16,2020-05-10,439.714285714286
"Florida",2020-03-07,2020-03-01,9.85714285714286
"Florida",2020-03-14,2020-03-08,85.1428571428571
"Florida",2020-03-21,2020-03-15,729.285714285714
"Florida",2020-03-28,2020-03-22,3326.85714285714
"Florida",2020-04-04,2020-03-29,7171.85714285714
"Florida",2020-04-11,2020-04-05,7523.57142857143
"Florida",2020-04-18,2020-04-12,6481.57142857143
"Florida",2020-04-25,2020-04-19,5497.28571428571
"Florida",2020-05-02,2020-04-26,4521.14285714286
"Florida",2020-05-09,2020-05-03,4577.42857142857
"Florida",2020-05-16,2020-05-10,4857.71428571428
"New York",2020-03-07,2020-03-01,83.2857142857143
"New York",2020-03-14,2020-03-08,577.714285714286
"New York",2020-03-21,2020-03-15,11598.8571428571
"New York",2020-03-28,2020-03-22,41159
"New York",2020-04-04,2020-03-29,60373.8571428571
"New York",2020-04-11,2020-04-05,66763.8571428571
"New York",2020-04-18,2020-04-12,58158.1428571429
"New York",2020-04-25,2020-04-19,44545.1428571429
"New York",2020-05-02,2020-04-26,33775
"New York",2020-05-09,2020-05-03,20577.1428571428
"New York",2020-05-16,2020-05-10,14841.5714285714
"Rhode Island",2020-03-07,2020-03-01,2.14285714285714
"Rhode Island",2020-03-14,2020-03-08,13.2857142857143
"Rhode Island",2020-03-21,2020-03-15,55.1428571428571
"Rhode Island",2020-03-28,2020-03-22,204.142857142857
"Rhode Island",2020-04-04,2020-03-29,577.714285714286
"Rhode Island",2020-04-11,2020-04-05,1494.28571428571
"Rhode Island",2020-04-18,2020-04-12,2128.28571428571
"Rhode Island",2020-04-25,2020-04-19,2523.85714285714
"Rhode Island",2020-05-02,2020-04-26,2169
"Rhode Island",2020-05-09,2020-05-03,1808.57142857143
"Rhode Island",2020-05-16,2020-05-10,1440.42857142857
"Georgia",2020-03-07,2020-03-01,8.57142857142857
"Georgia",2020-03-14,2020-03-08,65.8571428571429
"Georgia",2020-03-21,2020-03-15,499.857142857143
"Georgia",2020-03-28,2020-03-22,1925.42857142857
"Georgia",2020-04-04,2020-03-29,4070.71428571429
"Georgia",2020-04-11,2020-04-05,5456.42857142857
"Georgia",2020-04-18,2020-04-12,4994.57142857143
"Georgia",2020-04-25,2020-04-19,4992.14285714286
"Georgia",2020-05-02,2020-04-26,4882.85714285714
"Georgia",2020-05-09,2020-05-03,4652.14285714286
"Georgia",2020-05-16,2020-05-10,4020.42857142857
"New Hampshire",2020-03-07,2020-03-01,2.85714285714286
"New Hampshire",2020-03-14,2020-03-08,8.28571428571428
"New Hampshire",2020-03-21,2020-03-15,58.4285714285714
"New Hampshire",2020-03-28,2020-03-22,163.571428571429
"New Hampshire",2020-04-04,2020-03-29,364.428571428571
"New Hampshire",2020-04-11,2020-04-05,333
"New Hampshire",2020-04-18,2020-04-12,398.857142857143
"New Hampshire",2020-04-25,2020-04-19,467.714285714286
"New Hampshire",2020-05-02,2020-04-26,585.428571428571
"New Hampshire",2020-05-09,2020-05-03,618.714285714286
"New Hampshire",2020-05-16,2020-05-10,522.571428571428
"North Carolina",2020-03-07,2020-03-01,3
"North Carolina",2020-03-14,2020-03-08,21.8571428571429
"North Carolina",2020-03-21,2020-03-15,184.428571428571
"North Carolina",2020-03-28,2020-03-22,783.857142857143
"North Carolina",2020-04-04,2020-03-29,1380.85714285714
"North Carolina",2020-04-11,2020-04-05,1853
"North Carolina",2020-04-18,2020-04-12,1886.14285714286
"North Carolina",2020-04-25,2020-04-19,2295.42857142857
"North Carolina",2020-05-02,2020-04-26,2835.85714285714
"North Carolina",2020-05-09,2020-05-03,3003.14285714286
"North Carolina",2020-05-16,2020-05-10,3618.28571428571
"New Jersey",2020-03-07,2020-03-01,6.14285714285714
"New Jersey",2020-03-14,2020-03-08,96.5714285714286
"New Jersey",2020-03-21,2020-03-15,1586.85714285714
"New Jersey",2020-03-28,2020-03-22,9731.14285714286
"New Jersey",2020-04-04,2020-03-29,22132.8571428571
"New Jersey",2020-04-11,2020-04-05,24512.2857142857
"New Jersey",2020-04-18,2020-04-12,23752.4285714286
"New Jersey",2020-04-25,2020-04-19,23561
"New Jersey",2020-05-02,2020-04-26,18253.4285714286
"New Jersey",2020-05-09,2020-05-03,13122.1428571428
"New Jersey",2020-05-16,2020-05-10,8480
"Colorado",2020-03-07,2020-03-01,7.85714285714286
"Colorado",2020-03-14,2020-03-08,98.4285714285714
"Colorado",2020-03-21,2020-03-15,401.857142857143
"Colorado",2020-03-28,2020-03-22,1527.14285714286
"Colorado",2020-04-04,2020-03-29,2447.71428571429
"Colorado",2020-04-11,2020-04-05,2402
"Colorado",2020-04-18,2020-04-12,2503.28571428571
"Colorado",2020-04-25,2020-04-19,3303.85714285714
"Colorado",2020-05-02,2020-04-26,3343.28571428571
"Colorado",2020-05-09,2020-05-03,3030.42857142857
"Colorado",2020-05-16,2020-05-10,2448.85714285714
"Maryland",2020-03-07,2020-03-01,4.14285714285714
"Maryland",2020-03-14,2020-03-08,24.2857142857143
"Maryland",2020-03-21,2020-03-15,174.714285714286
"Maryland",2020-03-28,2020-03-22,822.714285714286
"Maryland",2020-04-04,2020-03-29,2149
"Maryland",2020-04-11,2020-04-05,4397.85714285714
"Maryland",2020-04-18,2020-04-12,4694.42857142857
"Maryland",2020-04-25,2020-04-19,5393.14285714286
"Maryland",2020-05-02,2020-04-26,6652.28571428571
"Maryland",2020-05-09,2020-05-03,7161.57142857143
"Maryland",2020-05-16,2020-05-10,6611.85714285714
"Nevada",2020-03-07,2020-03-01,2.57142857142857
"Nevada",2020-03-14,2020-03-08,23.7142857142857
"Nevada",2020-03-21,2020-03-15,156.714285714286
"Nevada",2020-03-28,2020-03-22,585
"Nevada",2020-04-04,2020-03-29,945.714285714286
"Nevada",2020-04-11,2020-04-05,1019.57142857143
"Nevada",2020-04-18,2020-04-12,861
"Nevada",2020-04-25,2020-04-19,889.142857142857
"Nevada",2020-05-02,2020-04-26,858.142857142857
"Nevada",2020-05-09,2020-05-03,683.142857142857
"Nevada",2020-05-16,2020-05-10,802.714285714286
"Tennessee",2020-03-07,2020-03-01,2.42857142857143
"Tennessee",2020-03-14,2020-03-08,33
"Tennessee",2020-03-21,2020-03-15,311.142857142857
"Tennessee",2020-03-28,2020-03-22,1034.71428571429
"Tennessee",2020-04-04,2020-03-29,1926.57142857143
"Tennessee",2020-04-11,2020-04-05,1657.71428571429
"Tennessee",2020-04-18,2020-04-12,1623.42857142857
"Tennessee",2020-04-25,2020-04-19,2344.42857142857
"Tennessee",2020-05-02,2020-04-26,3156.14285714286
"Tennessee",2020-05-09,2020-05-03,2632.71428571429
"Tennessee",2020-05-16,2020-05-10,2481.85714285714
"Hawaii",2020-03-07,2020-03-01,1.14285714285714
"Hawaii",2020-03-14,2020-03-08,4.71428571428571
"Hawaii",2020-03-21,2020-03-15,44.1428571428571
"Hawaii",2020-03-28,2020-03-22,103.571428571429
"Hawaii",2020-04-04,2020-03-29,184.857142857143
"Hawaii",2020-04-11,2020-04-05,137.285714285714
"Hawaii",2020-04-18,2020-04-12,82.2857142857143
"Hawaii",2020-04-25,2020-04-19,37.5714285714286
"Hawaii",2020-05-02,2020-04-26,14.8571428571429
"Hawaii",2020-05-09,2020-05-03,9.85714285714289
"Hawaii",2020-05-16,2020-05-10,8.57142857142856
"Indiana",2020-03-07,2020-03-01,2
"Indiana",2020-03-14,2020-03-08,15.5714285714286
"Indiana",2020-03-21,2020-03-15,145.714285714286
"Indiana",2020-03-28,2020-03-22,1104.14285714286
"Indiana",2020-04-04,2020-03-29,2737
"Indiana",2020-04-11,2020-04-05,3385.28571428571
"Indiana",2020-04-18,2020-04-12,3312.14285714286
"Indiana",2020-04-25,2020-04-19,3911.42857142857
"Indiana",2020-05-02,2020-04-26,4904.28571428571
"Indiana",2020-05-09,2020-05-03,4558.14285714286
"Indiana",2020-05-16,2020-05-10,3722.71428571429
"Kentucky",2020-03-07,2020-03-01,2.57142857142857
"Kentucky",2020-03-14,2020-03-08,14
"Kentucky",2020-03-21,2020-03-15,71
"Kentucky",2020-03-28,2020-03-22,291.142857142857
"Kentucky",2020-04-04,2020-03-29,547.857142857143
"Kentucky",2020-04-11,2020-04-05,886.571428571429
"Kentucky",2020-04-18,2020-04-12,923.428571428571
"Kentucky",2020-04-25,2020-04-19,1149.14285714286
"Kentucky",2020-05-02,2020-04-26,1174.42857142857
"Kentucky",2020-05-09,2020-05-03,1380.57142857143
"Kentucky",2020-05-16,2020-05-10,1257.71428571429
"Minnesota",2020-03-07,2020-03-01,1.28571428571429
"Minnesota",2020-03-14,2020-03-08,27
"Minnesota",2020-03-21,2020-03-15,127.285714285714
"Minnesota",2020-03-28,2020-03-22,299.285714285714
"Minnesota",2020-04-04,2020-03-29,413
"Minnesota",2020-04-11,2020-04-05,578.428571428571
"Minnesota",2020-04-18,2020-04-12,753.428571428572
"Minnesota",2020-04-25,2020-04-19,1213.57142857143
"Minnesota",2020-05-02,2020-04-26,2799
"Minnesota",2020-05-09,2020-05-03,4413.42857142857
"Minnesota",2020-05-16,2020-05-10,4325
"Oklahoma",2020-03-07,2020-03-01,0.857142857142857
"Oklahoma",2020-03-14,2020-03-08,5.85714285714286
"Oklahoma",2020-03-21,2020-03-15,54.5714285714286
"Oklahoma",2020-03-28,2020-03-22,308.285714285714
"Oklahoma",2020-04-04,2020-03-29,743.714285714286
"Oklahoma",2020-04-11,2020-04-05,756.857142857143
"Oklahoma",2020-04-18,2020-04-12,664.285714285714
"Oklahoma",2020-04-25,2020-04-19,632.285714285714
"Oklahoma",2020-05-02,2020-04-26,666.571428571428
"Oklahoma",2020-05-09,2020-05-03,649.285714285714
"Oklahoma",2020-05-16,2020-05-10,708
"Pennsylvania",2020-03-07,2020-03-01,4.85714285714286
"Pennsylvania",2020-03-14,2020-03-08,48.8571428571429
"Pennsylvania",2020-03-21,2020-03-15,372.285714285714
"Pennsylvania",2020-03-28,2020-03-22,2497.85714285714
"Pennsylvania",2020-04-04,2020-03-29,7162.28571428571
"Pennsylvania",2020-04-11,2020-04-05,11276.1428571429
"Pennsylvania",2020-04-18,2020-04-12,9975.14285714286
"Pennsylvania",2020-04-25,2020-04-19,9917
"Pennsylvania",2020-05-02,2020-04-26,9358.14285714286
"Pennsylvania",2020-05-09,2020-05-03,7859
"Pennsylvania",2020-05-16,2020-05-10,6468.85714285714
"South Carolina",2020-03-07,2020-03-01,3.71428571428571
"South Carolina",2020-03-14,2020-03-08,19.4285714285714
"South Carolina",2020-03-21,2020-03-15,158.857142857143
"South Carolina",2020-03-28,2020-03-22,513.285714285714
"South Carolina",2020-04-04,2020-03-29,1185
"South Carolina",2020-04-11,2020-04-05,1252.14285714286
"South Carolina",2020-04-18,2020-04-12,1059.42857142857
"South Carolina",2020-04-25,2020-04-19,1070.85714285714
"South Carolina",2020-05-02,2020-04-26,1158.28571428571
"South Carolina",2020-05-09,2020-05-03,1057.28571428571
"South Carolina",2020-05-16,2020-05-10,1107.57142857143
"District of Columbia",2020-03-07,2020-03-01,1.42857142857143
"District of Columbia",2020-03-14,2020-03-08,15.1428571428571
"District of Columbia",2020-03-21,2020-03-15,65.4285714285714
"District of Columbia",2020-03-28,2020-03-22,235.571428571429
"District of Columbia",2020-04-04,2020-03-29,568.714285714286
"District of Columbia",2020-04-11,2020-04-05,869.285714285714
"District of Columbia",2020-04-18,2020-04-12,888.285714285714
"District of Columbia",2020-04-25,2020-04-19,1002
"District of Columbia",2020-05-02,2020-04-26,1124.42857142857
"District of Columbia",2020-05-09,2020-05-03,1267.14285714286
"District of Columbia",2020-05-16,2020-05-10,971.142857142857
"Kansas",2020-03-07,2020-03-01,0.571428571428571
"Kansas",2020-03-14,2020-03-08,7.57142857142857
"Kansas",2020-03-21,2020-03-15,50.8571428571429
"Kansas",2020-03-28,2020-03-22,217.285714285714
"Kansas",2020-04-04,2020-03-29,423.428571428571
"Kansas",2020-04-11,2020-04-05,556.571428571429
"Kansas",2020-04-18,2020-04-12,556.714285714286
"Kansas",2020-04-25,2020-04-19,1195
"Kansas",2020-05-02,2020-04-26,1803.14285714286
"Kansas",2020-05-09,2020-05-03,1955.28571428571
"Kansas",2020-05-16,2020-05-10,1273.28571428571
"Missouri",2020-03-07,2020-03-01,0.571428571428571
"Missouri",2020-03-14,2020-03-08,5.42857142857143
"Missouri",2020-03-21,2020-03-15,106.857142857143
"Missouri",2020-03-28,2020-03-22,701.428571428571
"Missouri",2020-04-04,2020-03-29,1463.42857142857
"Missouri",2020-04-11,2020-04-05,1711.28571428571
"Missouri",2020-04-18,2020-04-12,1471.14285714286
"Missouri",2020-04-25,2020-04-19,1308.85714285714
"Missouri",2020-05-02,2020-04-26,1392.71428571429
"Missouri",2020-05-09,2020-05-03,1543.71428571429
"Missouri",2020-05-16,2020-05-10,1135
"Vermont",2020-03-07,2020-03-01,0.571428571428571
"Vermont",2020-03-14,2020-03-08,5.85714285714286
"Vermont",2020-03-21,2020-03-15,42.2857142857143
"Vermont",2020-03-28,2020-03-22,159.857142857143
"Vermont",2020-04-04,2020-03-29,239.857142857143
"Vermont",2020-04-11,2020-04-05,244.428571428571
"Vermont",2020-04-18,2020-04-12,100.714285714286
"Vermont",2020-04-25,2020-04-19,47.2857142857143
"Vermont",2020-05-02,2020-04-26,44.7142857142857
"Vermont",2020-05-09,2020-05-03,34.8571428571429
"Vermont",2020-05-16,2020-05-10,15.5714285714286
"Virginia",2020-03-07,2020-03-01,2.28571428571429
"Virginia",2020-03-14,2020-03-08,35.1428571428571
"Virginia",2020-03-21,2020-03-15,134.428571428571
"Virginia",2020-03-28,2020-03-22,613.142857142857
"Virginia",2020-04-04,2020-03-29,1569.42857142857
"Virginia",2020-04-11,2020-04-05,2568.71428571429
"Virginia",2020-04-18,2020-04-12,3090
"Virginia",2020-04-25,2020-04-19,4281.85714285714
"Virginia",2020-05-02,2020-04-26,5399
"Virginia",2020-05-09,2020-05-03,5493.85714285714
"Virginia",2020-05-16,2020-05-10,6324.57142857143
"Connecticut",2020-03-07,2020-03-01,0.714285714285714
"Connecticut",2020-03-14,2020-03-08,24.2857142857143
"Connecticut",2020-03-21,2020-03-15,265.285714285714
"Connecticut",2020-03-28,2020-03-22,1480.28571428571
"Connecticut",2020-04-04,2020-03-29,3648.57142857143
"Connecticut",2020-04-11,2020-04-05,6012
"Connecticut",2020-04-18,2020-04-12,6159.57142857143
"Connecticut",2020-04-25,2020-04-19,6930.71428571429
"Connecticut",2020-05-02,2020-04-26,4392.71428571429
"Connecticut",2020-05-09,2020-05-03,3918.14285714286
"Connecticut",2020-05-16,2020-05-10,3892.28571428571
"Iowa",2020-03-07,2020-03-01,3.42857142857143
"Iowa",2020-03-14,2020-03-08,16.2857142857143
"Iowa",2020-03-21,2020-03-15,53.7142857142857
"Iowa",2020-03-28,2020-03-22,229.142857142857
"Iowa",2020-04-04,2020-03-29,484.571428571429
"Iowa",2020-04-11,2020-04-05,714.142857142857
"Iowa",2020-04-18,2020-04-12,1171.85714285714
"Iowa",2020-04-25,2020-04-19,2327.57142857143
"Iowa",2020-05-02,2020-04-26,3498.57142857143
"Iowa",2020-05-09,2020-05-03,3191.42857142857
"Iowa",2020-05-16,2020-05-10,2629.71428571428
"Louisiana",2020-03-07,2020-03-01,1
"Louisiana",2020-03-14,2020-03-08,81.2857142857143
"Louisiana",2020-03-21,2020-03-15,684.714285714286
"Louisiana",2020-03-28,2020-03-22,2513.14285714286
"Louisiana",2020-04-04,2020-03-29,8511.28571428571
"Louisiana",2020-04-11,2020-04-05,7881.28571428572
"Louisiana",2020-04-18,2020-04-12,3825.28571428571
"Louisiana",2020-04-25,2020-04-19,2953
"Louisiana",2020-05-02,2020-04-26,2532.14285714286
"Louisiana",2020-05-09,2020-05-03,2343.28571428572
"Louisiana",2020-05-16,2020-05-10,2796.42857142857
"Ohio",2020-03-07,2020-03-01,0.857142857142857
"Ohio",2020-03-14,2020-03-08,28
"Ohio",2020-03-21,2020-03-15,254.714285714286
"Ohio",2020-03-28,2020-03-22,1133.71428571429
"Ohio",2020-04-04,2020-03-29,2265.28571428571
"Ohio",2020-04-11,2020-04-05,2553.42857142857
"Ohio",2020-04-18,2020-04-12,4304
"Ohio",2020-04-25,2020-04-19,4977.71428571429
"Ohio",2020-05-02,2020-04-26,3734.42857142857
"Ohio",2020-05-09,2020-05-03,4255
"Ohio",2020-05-16,2020-05-10,3900.71428571428
"Michigan",2020-03-07,2020-03-01,0.285714285714286
"Michigan",2020-03-14,2020-03-08,34.5714285714286
"Michigan",2020-03-21,2020-03-15,807.571428571429
"Michigan",2020-03-28,2020-03-22,3883.57142857143
"Michigan",2020-04-04,2020-03-29,9358.28571428571
"Michigan",2020-04-11,2020-04-05,9476.71428571429
"Michigan",2020-04-18,2020-04-12,6996.14285714286
"Michigan",2020-04-25,2020-04-19,6455
"Michigan",2020-05-02,2020-04-26,5776.42857142857
"Michigan",2020-05-09,2020-05-03,3834.85714285714
"Michigan",2020-05-16,2020-05-10,3867.71428571428
"South Dakota",2020-03-07,2020-03-01,0.714285714285714
"South Dakota",2020-03-14,2020-03-08,8.42857142857143
"South Dakota",2020-03-21,2020-03-15,9.71428571428572
"South Dakota",2020-03-28,2020-03-22,54
"South Dakota",2020-04-04,2020-03-29,147.285714285714
"South Dakota",2020-04-11,2020-04-05,434.857142857143
"South Dakota",2020-04-18,2020-04-12,845.857142857143
"South Dakota",2020-04-25,2020-04-19,609.714285714286
"South Dakota",2020-05-02,2020-04-26,454.285714285714
"South Dakota",2020-05-09,2020-05-03,723
"South Dakota",2020-05-16,2020-05-10,636.285714285715
"Arkansas",2020-03-07,2020-03-01,0
"Arkansas",2020-03-14,2020-03-08,11.8571428571429
"Arkansas",2020-03-21,2020-03-15,118.142857142857
"Arkansas",2020-03-28,2020-03-22,294.571428571429
"Arkansas",2020-04-04,2020-03-29,370.428571428571
"Arkansas",2020-04-11,2020-04-05,477.285714285714
"Arkansas",2020-04-18,2020-04-12,542.714285714286
"Arkansas",2020-04-25,2020-04-19,1028.85714285714
"Arkansas",2020-05-02,2020-04-26,526.857142857143
"Arkansas",2020-05-09,2020-05-03,489
"Arkansas",2020-05-16,2020-05-10,731.428571428571
"Delaware",2020-03-07,2020-03-01,0
"Delaware",2020-03-14,2020-03-08,6.28571428571429
"Delaware",2020-03-21,2020-03-15,49
"Delaware",2020-03-28,2020-03-22,152.714285714286
"Delaware",2020-04-04,2020-03-29,390.285714285714
"Delaware",2020-04-11,2020-04-05,893.428571428571
"Delaware",2020-04-18,2020-04-12,960.285714285714
"Delaware",2020-04-25,2020-04-19,1304.71428571429
"Delaware",2020-05-02,2020-04-26,1273.57142857143
"Delaware",2020-05-09,2020-05-03,1231.14285714286
"Delaware",2020-05-16,2020-05-10,1263
"Mississippi",2020-03-07,2020-03-01,0
"Mississippi",2020-03-14,2020-03-08,8.14285714285714
"Mississippi",2020-03-21,2020-03-15,146.142857142857
"Mississippi",2020-03-28,2020-03-22,510.571428571429
"Mississippi",2020-04-04,2020-03-29,814.285714285714
"Mississippi",2020-04-11,2020-04-05,1118.57142857143
"Mississippi",2020-04-18,2020-04-12,1438.42857142857
"Mississippi",2020-04-25,2020-04-19,1613.28571428571
"Mississippi",2020-05-02,2020-04-26,1732.14285714286
"Mississippi",2020-05-09,2020-05-03,1855.71428571429
"Mississippi",2020-05-16,2020-05-10,1752.57142857143
"New Mexico",2020-03-07,2020-03-01,0
"New Mexico",2020-03-14,2020-03-08,13.4285714285714
"New Mexico",2020-03-21,2020-03-15,45.2857142857143
"New Mexico",2020-03-28,2020-03-22,153.285714285714
"New Mexico",2020-04-04,2020-03-29,346.428571428571
"New Mexico",2020-04-11,2020-04-05,600.857142857143
"New Mexico",2020-04-18,2020-04-12,623.285714285714
"New Mexico",2020-04-25,2020-04-19,832.142857142857
"New Mexico",2020-05-02,2020-04-26,1083.28571428571
"New Mexico",2020-05-09,2020-05-03,1070.14285714286
"New Mexico",2020-05-16,2020-05-10,1032.14285714286
"North Dakota",2020-03-07,2020-03-01,0
"North Dakota",2020-03-14,2020-03-08,1.57142857142857
"North Dakota",2020-03-21,2020-03-15,24.1428571428571
"North Dakota",2020-03-28,2020-03-22,59.4285714285714
"North Dakota",2020-04-04,2020-03-29,105.428571428571
"North Dakota",2020-04-11,2020-04-05,105.285714285714
"North Dakota",2020-04-18,2020-04-12,215.714285714286
"North Dakota",2020-04-25,2020-04-19,308.285714285714
"North Dakota",2020-05-02,2020-04-26,329
"North Dakota",2020-05-09,2020-05-03,303
"North Dakota",2020-05-16,2020-05-10,375.714285714286
"Wyoming",2020-03-07,2020-03-01,0
"Wyoming",2020-03-14,2020-03-08,5
"Wyoming",2020-03-21,2020-03-15,19.5714285714286
"Wyoming",2020-03-28,2020-03-22,56.7142857142857
"Wyoming",2020-04-04,2020-03-29,101.857142857143
"Wyoming",2020-04-11,2020-04-05,146.285714285714
"Wyoming",2020-04-18,2020-04-12,83.1428571428571
"Wyoming",2020-04-25,2020-04-19,74.2857142857143
"Wyoming",2020-05-02,2020-04-26,89.4285714285715
"Wyoming",2020-05-09,2020-05-03,76.4285714285713
"Wyoming",2020-05-16,2020-05-10,81.8571428571429
"Alaska",2020-03-07,2020-03-01,0
"Alaska",2020-03-14,2020-03-08,1.85714285714286
"Alaska",2020-03-21,2020-03-15,20.4285714285714
"Alaska",2020-03-28,2020-03-22,75.1428571428571
"Alaska",2020-04-04,2020-03-29,73.5714285714286
"Alaska",2020-04-11,2020-04-05,83.8571428571429
"Alaska",2020-04-18,2020-04-12,55.2857142857143
"Alaska",2020-04-25,2020-04-19,28.8571428571428
"Alaska",2020-05-02,2020-04-26,23
"Alaska",2020-05-09,2020-05-03,14.7142857142857
"Alaska",2020-05-16,2020-05-10,15.2857142857143
"Maine",2020-03-07,2020-03-01,0
"Maine",2020-03-14,2020-03-08,9.57142857142857
"Maine",2020-03-21,2020-03-15,67
"Maine",2020-03-28,2020-03-22,138.714285714286
"Maine",2020-04-04,2020-03-29,227
"Maine",2020-04-11,2020-04-05,181.142857142857
"Maine",2020-04-18,2020-04-12,215.142857142857
"Maine",2020-04-25,2020-04-19,143.857142857143
"Maine",2020-05-02,2020-04-26,166.428571428571
"Maine",2020-05-09,2020-05-03,242.714285714286
"Maine",2020-05-16,2020-05-10,247.285714285714
"Alabama",2020-03-07,2020-03-01,0
"Alabama",2020-03-14,2020-03-08,15.5714285714286
"Alabama",2020-03-21,2020-03-15,121.714285714286
"Alabama",2020-03-28,2020-03-22,585.428571428571
"Alabama",2020-04-04,2020-03-29,932.571428571429
"Alabama",2020-04-11,2020-04-05,1622.85714285714
"Alabama",2020-04-18,2020-04-12,1471.57142857143
"Alabama",2020-04-25,2020-04-19,1449
"Alabama",2020-05-02,2020-04-26,1420.57142857143
"Alabama",2020-05-09,2020-05-03,1996
"Alabama",2020-05-16,2020-05-10,1967.71428571429
"Idaho",2020-03-07,2020-03-01,0
"Idaho",2020-03-14,2020-03-08,3.57142857142857
"Idaho",2020-03-21,2020-03-15,36
"Idaho",2020-03-28,2020-03-22,254.285714285714
"Idaho",2020-04-04,2020-03-29,724.428571428572
"Idaho",2020-04-11,2020-04-05,403.857142857143
"Idaho",2020-04-18,2020-04-12,248.285714285714
"Idaho",2020-04-25,2020-04-19,209.714285714286
"Idaho",2020-05-02,2020-04-26,175
"Idaho",2020-05-09,2020-05-03,167.428571428571
"Idaho",2020-05-16,2020-05-10,182.714285714286
"Montana",2020-03-07,2020-03-01,0
"Montana",2020-03-14,2020-03-08,4.57142857142857
"Montana",2020-03-21,2020-03-15,25.2857142857143
"Montana",2020-03-28,2020-03-22,107.142857142857
"Montana",2020-04-04,2020-03-29,140
"Montana",2020-04-11,2020-04-05,95.5714285714286
"Montana",2020-04-18,2020-04-12,51.7142857142857
"Montana",2020-04-25,2020-04-19,21.1428571428572
"Montana",2020-05-02,2020-04-26,8.14285714285711
"Montana",2020-05-09,2020-05-03,4.42857142857144
"Montana",2020-05-16,2020-05-10,8.71428571428572
"Puerto Rico",2020-03-07,2020-03-01,0
"Puerto Rico",2020-03-14,2020-03-08,3.14285714285714
"Puerto Rico",2020-03-21,2020-03-15,16.7142857142857
"Puerto Rico",2020-03-28,2020-03-22,99.2857142857143
"Puerto Rico",2020-04-04,2020-03-29,308.428571428571
"Puerto Rico",2020-04-11,2020-04-05,362.571428571429
"Puerto Rico",2020-04-18,2020-04-12,124.857142857143
"Puerto Rico",2020-04-25,2020-04-19,354.571428571429
"Puerto Rico",2020-05-02,2020-04-26,435.428571428571
"Puerto Rico",2020-05-09,2020-05-03,449.428571428572
"Puerto Rico",2020-05-16,2020-05-10,423.857142857143
"West Virginia",2020-03-07,2020-03-01,0
"West Virginia",2020-03-14,2020-03-08,0.142857142857143
"West Virginia",2020-03-21,2020-03-15,13.8571428571429
"West Virginia",2020-03-28,2020-03-22,95.5714285714286
"West Virginia",2020-04-04,2020-03-29,178.571428571429
"West Virginia",2020-04-11,2020-04-05,295.714285714286
"West Virginia",2020-04-18,2020-04-12,243.571428571429
"West Virginia",2020-04-25,2020-04-19,198.714285714286
"West Virginia",2020-05-02,2020-04-26,150.571428571429
"West Virginia",2020-05-09,2020-05-03,160.285714285714
"West Virginia",2020-05-16,2020-05-10,129.571428571429
"United States",2020-03-07,2020-03-01,409.857142857143
"United States",2020-03-14,2020-03-08,2660.71428571429
"United States",2020-03-21,2020-03-15,24533.2857142857
"United States",2020-03-28,2020-03-22,97444.4285714286
"United States",2020-04-04,2020-03-29,183018.857142857
"United States",2020-04-11,2020-04-05,217650.428571429
"United States",2020-04-18,2020-04-12,203102.857142857
"United States",2020-04-25,2020-04-19,206897.142857143
"United States",2020-05-02,2020-04-26,197591.285714286
"United States",2020-05-09,2020-05-03,177422.571428571
"United States",2020-05-16,2020-05-10,159833.142857143
